2220.98370,  97.70106, 135.37763, 519.06052,   3.83417,   0.52910,  17.42910,  12.35640,  36.38449,   2.94459,  27.17086,  17.47459,   0.01136,   0.15243,22867.01457,   0.00000,   0.03883,   0.02667,  -0.02167,   0.00000,   0.00000,   0.00017,  -0.00013,  -1.89629,  -1.38429,   0.01221,  -0.25821,   0.61134,  -1.36899,  19.06683,  17.62022,   8.11743,   5.80565,  22.04454,  20.64688,-651.29545,-673.14395,  -0.00527,  -0.01001,  -0.99259,  -1.98518, 437.18182, 541.86363,   0.00540,   0.01054,   0.99259,   1.26745,4081.95436,4551.00548,   0.00000,   0.00000,   0.00657,   0.01606,   2.49001,   3.13358,   1.85226,   2.64906,   2.05260,   2.70919,   9.76244,  15.39105,   6.71729,  12.29995,   8.66364,  12.36093,   0.11318,   0.01828,   0.00000,   0.00000,   0.00000,   0.00000,39344.37393,59332.42931,   0.00000,   0.00002,   0.05226,   0.17238, -55.06061, -45.28674,  -0.00380,  -0.00474,  -0.14352,  -0.24084,  -7.96970, -11.68750,   0.00000,  -0.00053,   0.00000,  -0.00740,  15.66288,  11.16666,   0.00000,   0.00053,   0.00000,   0.01314,  70.20455, 161.74659,   0.00380,   0.00474,   0.14589,   0.27323,   1.00000
2222.02078,  65.11604,1756.76751,3662.51928,   2.08481,  35.76642,  58.65671,  41.62857,  90.66931,   2.17805,  70.54736,  58.87169,   0.00685,   0.10493,2659.99276,   0.00000,   0.04923,  -0.05092,   0.00077,   0.00001,   0.00000,   0.00000,  -0.00000,  -1.89498,  -3.31238,  -3.68887,  -1.43004,   0.35261,  -0.31118,  23.31281,  36.26557, 124.22101,  70.09143,  24.55885,  13.30182,-234.27273,-303.15152,  -0.01034,  -0.01105,  -0.99296,  -1.28305, 170.60606, 181.54546,   0.00531,   0.01034,   0.99296,   0.99296, 364.09224, 456.17358,   0.00000,   0.00000,   0.00714,   0.01533,   3.94930,   3.20553,   1.62105,   2.48306,   1.61330,   1.98341,  28.18566,  16.84589,   5.91651,  11.20416,   5.38116,   7.11818,   0.00652,   0.00009,   0.00000,   0.00000,   0.00000,   0.00000,6856.60769,6739.94973,   0.00000,   0.00000,   0.04058,   0.10777, -27.01516, -16.20871,  -0.00030,  -0.00056,  -0.13805,  -0.27085,  -0.98484,  -2.19508,   0.00000,   0.00000,   0.00000,   0.00000,   4.85227,   2.41667,   0.00000,   0.00000,   0.00000,   0.00000,  18.05303,  28.15644,   0.00030,   0.00058,   0.12179,   0.29541,   1.00000
2215.41095,  60.99222,1376.49645,3713.67641,   2.69792,  39.06250,  63.84167,  45.31431,  96.46996,   2.12891,  75.36524,  64.08411,   0.00794,   0.42506,3013.62689,   0.00001,   0.19364,   0.07875,   0.00277,   0.00000,  -0.00000,  -0.00000,   0.00000,  -2.62541,  -4.03320,  -0.03632,   0.30393,  -0.05868,   0.06853,  36.83758,  50.45183,  39.62010,  20.10311,  23.58297,  16.36661,-378.27273,-488.75758,  -0.00738,  -0.00859,  -0.99204,  -1.84396, 247.96969, 316.37878,   0.00859,   0.00859,   0.99204,   1.61387, 609.11148, 936.88109,   0.00000,   0.00000,   0.00834,   0.01825,   2.78219,   2.60391,   2.19532,   2.27249,   1.74789,   2.32961,  11.57011,  11.02153,  10.22459,   9.60791,   6.40755,   9.92142,   0.48715,   0.00122,   0.00000,   0.00000,   0.00000,   0.00000,5704.53175,8653.55576,   0.00000,   0.00000,   0.05329,   0.16445, -26.36364, -15.11174,  -0.00098,  -0.00144,  -0.12759,  -0.29762,  -0.72727,  -1.80303,   0.00000,  -0.00022,   0.00000,  -0.00179,   3.92424,   2.06250,   0.00000,   0.00018,   0.00000,   0.00000,  14.78788,  19.74015,   0.00098,   0.00135,   0.11313,   0.30710,   1.00000
2218.46511,  90.81760,  79.25737, 704.04814,   8.88306,   0.00000,  14.60675,  10.35690,  40.71070,   3.93078,  29.70376,  14.64686,   0.01049,   0.82634,8160.59182,   0.00000,   0.07711,   0.04858,   0.01144,   0.00000,   0.00000,  -0.00008,   0.00000,  -1.05722,  -2.30970,  -0.12580,  -0.43397,  -0.05748,   0.25471,  21.65407,  24.04161,  10.95948,   7.63160,  23.50068,  11.44276,-553.08333,-777.67424,  -0.00212,  -0.00277,  -0.97119,  -0.96361, 432.65909, 459.71969,   0.00206,   0.00220,   0.91461,   0.97119,2354.56975,3860.51031,   0.00000,   0.00000,   0.00516,   0.01074,   3.93659,   3.36099,   1.36005,   2.15451,   3.00272,   3.14685,  24.83771,  17.87968,   4.87990,   9.34140,  19.07517,  18.24992,   0.19585,   0.00802,   0.00000,   0.00000,   0.00000,   0.00000,35762.56649,52521.51907,   0.00000,   0.00000,   0.05883,   0.13363, -48.78788, -49.66667,  -0.00068,  -0.00085,  -0.15484,  -0.29369,  -7.23485, -10.73297,   0.00000,  -0.00007,   0.00000,  -0.01228,   9.76894,   9.30113,   0.00000,   0.00012,   0.00000,   0.01055,  57.75757, 116.54091,   0.00068,   0.00084,   0.13659,   0.30372,   1.00000
2220.84438,  85.50655, 265.25523,1950.90196,   7.34789,   5.64289,  24.28306,  17.22046,  66.84861,   3.88353,  48.81284,  24.35340,   0.00887,   0.73810,12808.26656,   0.00000,   0.14679,   0.09217,  -0.01523,   0.00001,  -0.00001,   0.00097,   0.00009,  -1.62901,  -2.93865,  -0.01160,  -0.74307,  -0.77757,   0.61342,  24.68803,  27.74987,  16.78911,  15.30399,  34.20722,  25.92564,-535.23485,-660.91667,  -0.00597,  -0.01047,  -0.98683,  -1.25769, 399.97727, 383.56060,   0.00555,   0.00597,   0.94900,   1.93583,2129.72878,2577.85955,   0.00000,   0.00000,   0.00518,   0.01187,   2.45964,   2.85947,   1.63297,   1.88557,   2.74386,   2.77118,  10.04684,  13.38037,   6.02491,   6.71261,  12.97412,  14.00602,   0.13131,   0.00363,   0.00000,   0.00000,   0.00002,   0.00000,21356.99406,28946.43774,   0.00000,   0.00000,   0.05149,   0.15492, -23.00000, -19.83637,  -0.00125,  -0.00173,  -0.05399,  -0.17809,  -4.61364,  -5.11742,   0.00000,  -0.00032,   0.00000,  -0.00323,   8.81818,   6.37500,   0.00000,   0.00038,   0.00000,   0.00282,  22.68182,  66.65644,   0.00122,   0.00162,   0.08453,   0.18760,   1.00000
2215.51315, 101.08552, 136.61604, 498.66391,   3.65011,   1.59574,  15.40564,  10.91278,  36.48604,   3.34342,  26.92879,  15.43300,   0.00973,   0.23312,9954.47671,   0.00000,   0.12950,  -0.01442,   0.01640,   0.00000,  -0.00000,   0.00059,   0.00041,  -0.12781,  -3.13982,   0.12573,   0.29040,   0.12861,  -0.14677,  16.12502,  25.13442,  12.21430,   8.36473,   6.61253,   5.46192,-413.59091,-618.20454,  -0.00214,  -0.00314,  -0.98706,  -1.95810, 399.16667, 297.96969,   0.00283,   0.00312,   0.98690,   1.97274,1960.52261,2698.53607,   0.00000,   0.00000,   0.03828,   0.09139,   3.07869,   3.11053,   3.25848,   2.47542,   3.24775,   3.14091,  13.23490,  14.35078,  19.14808,  10.95537,  16.53967,  15.77719,   0.03308,   0.04278,   0.00000,   0.00000,   0.00003,   0.00000,22660.63658,34148.33559,   0.00000,   0.00000,   0.41703,   1.09624, -57.71212, -39.50455,  -0.00069,  -0.00096,  -0.82247,  -0.97670,  -5.54545,  -7.29546,   0.00000,   0.00000,   0.00000,  -0.11261,  11.54546,   8.54166,   0.00000,   0.00000,   0.00000,   0.11779,  29.42425, 111.21932,   0.00069,   0.00090,   0.86569,   0.97521,   1.00000
2222.33378,  72.15188,1625.67234,2597.94249,   1.60779,  26.23062,  53.98081,  38.30550,  91.69799,   2.39393,  70.27263,  54.17215,   0.00799,   0.10145,22808.60078,   0.00001,   0.04541,   0.02475,   0.00397,  -0.00001,  -0.00000,   0.00000,  -0.00000,  -2.07474,  -2.05657,   0.36475,  -0.08032,  -0.22660,  -0.29339,  25.51278,  24.48653,  19.76679,  12.21737,  15.95773,  10.24767,-729.28788,-793.79546,  -0.01133,  -0.01144,  -0.94294,  -1.32961, 503.89394, 592.96213,   0.01144,   0.01204,   0.94294,   1.35960,3719.85005,4097.18338,   0.00000,   0.00000,   0.00826,   0.01882,   3.02925,   2.85267,   1.71303,   2.64501,   2.18773,   2.30227,  13.77137,  12.01060,   6.25401,  13.00235,   9.33506,  10.31155,   0.05802,   0.00250,   0.00000,   0.00000,   0.00000,   0.00000,46054.10184,43036.25308,   0.00000,   0.00002,   0.05938,   0.17874, -52.98485, -34.68561,  -0.00155,  -0.00376,  -0.18537,  -0.41491,  -3.39394,  -7.96024,   0.00000,  -0.00031,   0.00000,   0.00000,  11.77273,   7.34849,   0.00000,   0.00033,   0.00000,   0.00000,  45.22727, 113.15681,   0.00129,   0.00399,   0.20261,   0.42485,   1.00000
2218.21508,  69.74505,1249.81756,3846.57513,   3.07771,  32.82443,  54.85781,  38.93824,  87.19107,   2.23921,  67.52211,  55.06698,   0.00746,   0.55251,14880.32728,   0.00000,   0.12417,  -0.15400,  -0.00003,  -0.00000,   0.00000,   0.00011,  -0.00000,  -2.23670,  -1.28652,   0.10890,   2.38799,  -0.27557,   0.17436,  26.19786,  21.32919,  51.89748,  62.84371,  10.24270,   6.81805,-689.72727,-682.54545,  -0.00411,  -0.00506,  -0.98539,  -1.59005, 362.17424, 493.11363,   0.00506,   0.00917,   0.95839,   1.73399,1948.55624,2205.23650,   0.00000,   0.00000,   0.01283,   0.02874,   3.27073,   3.06506,   2.17864,   2.27659,   1.87708,   2.07982,  18.04713,  15.16407,   8.50446,   9.18209,   7.19991,   7.97382,   2.03002,   0.00000,   0.00000,   0.00000,   0.00000,   0.00000,28463.39103,26096.37127,   0.00000,   0.00000,   0.08199,   0.22944, -60.50000, -37.75795,  -0.00046,  -0.00071,  -0.31806,  -0.50754,  -0.90909,  -2.49811,   0.00000,  -0.00023,   0.00000,  -0.10128,   9.99243,   3.39773,   0.00000,   0.00023,   0.00149,   0.09185,  41.33334,  64.08864,   0.00050,   0.00071,   0.31584,   0.52793,   1.00000
2217.64339,  64.41498,1024.17236,2801.10247,   2.73499,  37.00787,  58.13497,  41.26832,  76.51546,   1.85410,  61.47231,  58.36222,   0.00842,   0.73072,12851.38267,   0.00000,   0.14469,   0.01533,  -0.03939,   0.00000,   0.00000,   0.00002,   0.00000,  -1.95245,  -3.10259,  -1.31576,   1.04097,  -0.23172,  -0.17743,  23.76836,  30.76711,  46.95524,  29.25466,  68.40513,  35.24370,-473.63636,-519.74243,  -0.00849,  -0.00849,  -0.98962,  -1.06982, 323.20455, 326.42423,   0.00776,   0.01158,   0.96236,   0.98962,1593.68210,1450.23377,   0.00000,   0.00000,   0.00354,   0.00708,   3.65139,   3.39146,   1.79011,   2.70108,   1.63118,   2.69171,  22.03684,  16.88643,   7.34425,  13.30886,   5.76152,  12.59196,   0.02802,   0.00423,   0.00000,   0.00000,   0.00000,   0.00000,27186.79178,18724.37455,   0.00000,   0.00001,   0.01879,   0.06634, -35.77273, -12.15341,  -0.00094,  -0.00138,  -0.03097,  -0.06230,  -0.83713,  -2.63257,   0.00000,   0.00000,   0.00000,  -0.00643,   8.92803,   2.65910,   0.00000,   0.00000,   0.00000,   0.00685,  17.09470,  51.34394,   0.00104,   0.00138,   0.03508,   0.06333,   1.00000
2220.82953,  72.38005, 257.32075,2662.91927,  10.34864,   8.51064,  32.25000,  22.88549,  69.48379,   3.03615,  51.72883,  32.36497,   0.01081,   0.54040,10179.30933,   0.00000,   0.07796,   0.14417,  -0.06162,   0.00000,   0.00000,   0.00005,   0.00012,  -2.82088,  -2.59151,  -1.90988,   0.13823,  -0.01669,  -0.23139,  27.07213,  28.82850,  80.24396,  37.34932,   9.51181,   5.88978,-478.09091,-502.57575,  -0.00897,  -0.00897,  -0.99082,  -1.16527, 288.96969, 337.04546,   0.00577,   0.00865,   0.96507,   1.02440,1429.14196,1483.03451,   0.00000,   0.00000,   0.00897,   0.02057,   3.40747,   3.05315,   1.46203,   1.99681,   2.94447,   3.01914,  17.12969,  14.17247,   5.29558,   7.45036,  16.96169,  16.55812,   0.00831,   0.01050,   0.00000,   0.00000,   0.00000,   0.00000,21808.03253,20279.96259,   0.00000,   0.00000,   0.09317,   0.24841, -50.18182, -20.29204,  -0.00078,  -0.00109,  -0.29646,  -0.43669,  -0.18182,  -2.09659,   0.00000,  -0.00024,   0.00000,  -0.10211,   9.20834,   2.00001,   0.00000,   0.00024,   0.00000,   0.10452,  49.11363,  53.03371,   0.00081,   0.00105,   0.28888,   0.41024,   1.00000
2216.52416,  75.51035, 861.19053,1846.39065,   2.14905,  22.26764,  41.33908,  29.32214,  75.61470,   2.57736,  57.34777,  41.46777,   0.00992,   0.82089,5112.70750,   0.00000,   0.06576,   0.10042,  -0.00583,  -0.00000,   0.00000,  -0.00001,  -0.00000,  -2.49231,  -1.02462,  -0.06344,  -0.19158,  -0.82903,   0.04168,  24.52247,  21.47846,  11.16711,   6.43913,  44.75401,  20.97417,-377.00000,-404.16668,  -0.00233,  -0.00233,  -0.98857,  -1.00488, 224.62122, 328.09091,   0.00175,   0.00196,   0.97641,   0.98857, 922.38006,1142.39844,   0.00000,   0.00000,   0.00412,   0.00858,   6.28887,   4.53829,   2.76514,   3.69357,   2.13212,   2.59830,  72.19541,  37.10321,  15.67255,  25.54942,  10.68647,  13.09454,   0.22514,   0.00001,   0.00000,   0.00000,   0.00000,   0.00000,25652.57693,24393.81007,   0.00000,   0.00000,   0.03416,   0.09183, -39.81818, -36.34734,  -0.00055,  -0.00081,  -0.11243,  -0.18681,  -4.66666,  -9.14961,   0.00000,  -0.00017,   0.00000,  -0.02923,   8.45834,   7.09091,   0.00000,   0.00017,   0.00000,   0.02952,  48.67803,  47.07652,   0.00063,   0.00081,   0.12499,   0.18276,   1.00000
2218.36421,  88.20564, 324.51264, 786.87138,   2.42478,   8.75000,  28.42534,  20.16040,  48.87619,   2.42437,  37.38532,  28.51111,   0.01359,   0.94638,17515.40445,   0.00000,   0.01895,   0.33492,   0.28256,  -0.00000,   0.00000,  -0.00099,   0.00000,  -1.72079,  -1.66159,  -0.00553,  -0.26323,  -0.91857,   2.35827,  20.01105,  20.20655,  11.91913,  10.15017,  69.68150,  57.80955,-599.27272,-644.22727,  -0.00258,  -0.00378,  -0.98761,  -0.98761, 426.18182, 482.66667,   0.00217,   0.00336,   0.96419,   1.95180,3055.10967,3343.95199,   0.00000,   0.00000,   0.00375,   0.00878,   3.21353,   3.23098,   2.00843,   2.53133,   1.83723,   2.34484,  16.88685,  15.35364,   8.40440,  10.75669,   6.70827,   9.56325,   0.04179,   0.61612,   0.00000,   0.00000,   0.00000,   0.00000,46634.40306,43276.65712,   0.00000,   0.00000,   0.02246,   0.07492, -50.80302, -39.45455,  -0.00085,  -0.00101,  -0.03137,  -0.05588,  -4.75379,  -8.69129,   0.00000,   0.00000,  -0.00045,  -0.00294,  12.97348,   8.28977,   0.00000,   0.00000,   0.00041,   0.00286,  65.29167, 116.86023,   0.00097,   0.00109,   0.02619,   0.05171,   0.00000
2223.45396,  86.44479, 324.51264, 786.87138,   2.42478,   8.75000,  28.42534,  20.16040,  48.87619,   2.42437,  37.38532,  28.51111,   0.01480,   0.00000,18587.71014,   0.00000,   0.00000,  -0.26000,  -0.46008,   0.00000,   0.00000,   0.00000,   0.00000,  -1.74698,  -1.43587,   0.94162,   0.67789,       NaN,       NaN,  19.56149,  18.33420,  26.06991,  22.12656,       NaN,       NaN,-598.76515,-583.91666,  -0.00149,  -0.00149,   0.00000,   0.00000, 425.28788, 473.65152,   0.00149,   0.00298,   0.00000,   0.00000,3198.24922,3475.99322,   0.00000,   0.00000,   0.00000,   0.00000,   3.30034,   3.33797,   2.63874,   2.30013,       NaN,       NaN,  15.87550,  16.67915,  14.27464,   9.48121,       NaN,       NaN,   0.58054,   0.09965,   0.00000,   0.00000,   0.00000,   0.00000,45419.32935,51938.63648,   0.00000,   0.00000,   0.00000,   0.00000, -52.81819, -37.82499,  -0.00017,  -0.00047,   0.00000,   0.00000,  -4.64394,  -8.18182,   0.00000,   0.00000,   0.00000,   0.00000,  13.24999,   7.54356,   0.00000,   0.00000,   0.00000,   0.00000,  65.75758, 146.07348,   0.00017,   0.00047,   0.00000,   0.00000,   0.00000
2215.12741,  67.24716,2505.23860,3567.98812,   1.42421,  41.79104,  72.25026,  51.28023,  96.86124,   1.88886,  77.49762,  72.52120,   0.01371,   0.00000,2448.68343,   0.00000,   0.00000,   0.04417,  -0.00070,   0.00000,   0.00000,   0.00000,   0.00000,  -1.40696,  -2.89827,       NaN,       NaN,       NaN,       NaN,  23.20654,  29.61598,       NaN,       NaN,       NaN,       NaN,-234.54546,-301.09091,   0.00000,   0.00000,   0.00000,   0.00000, 177.54545, 178.25757,   0.00000,   0.00000,   0.00000,   0.00000, 373.66516, 459.98560,   0.00000,   0.00000,   0.00000,   0.00000,   3.05484,   3.52650,       NaN,       NaN,       NaN,       NaN,  16.60326,  20.69381,       NaN,       NaN,       NaN,       NaN,   0.00902,   0.00004,   0.00000,   0.00000,   0.00000,   0.00000,5656.06300,6613.42677,   0.00000,   0.00000,   0.00000,   0.00000, -29.77652, -21.46402,   0.00000,   0.00000,   0.00000,   0.00000,  -3.54545,  -6.44698,   0.00000,   0.00000,   0.00000,   0.00000,   6.45455,   6.11553,   0.00000,   0.00000,   0.00000,   0.00000,  20.48864,  36.03219,   0.00000,   0.00000,   0.00000,   0.00000,   0.00000
2216.32011,  67.67257,2500.82287,3773.70472,   1.50917,  42.17672,  72.95489,  51.77492, 101.07554,   1.95148,  80.31054,  73.22079,   0.01371,   0.00000,2369.99064,   0.00000,   0.00000,   0.00992,   0.00011,   0.00000,   0.00000,   0.00000,   0.00000,  -1.69621,  -2.96240,       NaN,       NaN,       NaN,       NaN,  23.01523,  31.68526,       NaN,       NaN,       NaN,       NaN,-243.85606,-311.15152,   0.00000,   0.00000,   0.00000,   0.00000, 186.00000, 184.49243,   0.00000,   0.00000,   0.00000,   0.00000, 392.04146, 500.53366,   0.00000,   0.00000,   0.00000,   0.00000,   3.43808,   4.14644,       NaN,       NaN,       NaN,       NaN,  18.29316,  26.15033,       NaN,       NaN,       NaN,       NaN,   0.01565,   0.00000,   0.00000,   0.00000,   0.00000,   0.00000,5655.71802,8641.59345,   0.00000,   0.00000,   0.00000,   0.00000, -27.54545, -24.85909,   0.00000,   0.00000,   0.00000,   0.00000,  -3.00000,  -5.31440,   0.00000,   0.00000,   0.00000,   0.00000,   6.27273,   6.08333,   0.00000,   0.00000,   0.00000,   0.00000,  20.40909,  36.73143,   0.00000,   0.00000,   0.00000,   0.00000,   0.00000
2216.09668,  62.56433, 885.34209, 902.48925,   1.01937,  38.70968,  51.79200,  36.77040,  50.82119,   1.38212,  44.35570,  52.00120,   0.01044,   0.00000,3155.85785,   0.00000,   0.00000,   0.02517,   0.04708,   0.00000,   0.00000,   0.00000,   0.00000,  -2.35634,  -3.63984,       NaN,       NaN,       NaN,       NaN,  32.59966,  43.43931,       NaN,       NaN,       NaN,       NaN,-368.81818,-528.42425,   0.00000,   0.00000,   0.00000,   0.00000, 234.11364, 316.82576,   0.00000,   0.00000,   0.00000,   0.00000, 627.34560, 950.30584,   0.00000,   0.00000,   0.00000,   0.00000,   3.45948,   3.07760,       NaN,       NaN,       NaN,       NaN,  17.98664,  15.42335,       NaN,       NaN,       NaN,       NaN,   0.10080,   0.00904,   0.00000,   0.00000,   0.00000,   0.00000,8027.46966,11554.76482,   0.00000,   0.00000,   0.00000,   0.00000, -31.18182, -19.65682,   0.00000,   0.00000,   0.00000,   0.00000,  -1.27273,  -2.86174,   0.00000,   0.00000,   0.00000,   0.00000,   5.24242,   3.18182,   0.00000,   0.00000,   0.00000,   0.00000,  20.00380,  31.02197,   0.00000,   0.00000,   0.00000,   0.00000,   0.00000
2217.14713,  63.68762, 885.34209, 902.48925,   1.01937,  38.70968,  51.79200,  36.77040,  50.82119,   1.38212,  44.35570,  52.00120,   0.01044,   0.00000,3188.46919,   0.00000,   0.00000,   0.07383,  -0.00215,   0.00000,   0.00000,   0.00000,   0.00000,  -2.90763,  -3.74470,       NaN,       NaN,       NaN,       NaN,  33.58336,  41.90549,       NaN,       NaN,       NaN,       NaN,-394.81818,-501.54547,   0.00000,   0.00000,   0.00000,   0.00000, 231.72727, 325.98485,   0.00000,   0.00000,   0.00000,   0.00000, 687.18597,1077.81269,   0.00000,   0.00000,   0.00000,   0.00000,   2.53041,   3.07480,       NaN,       NaN,       NaN,       NaN,  10.43867,  15.67182,       NaN,       NaN,       NaN,       NaN,   0.14305,   0.00074,   0.00000,   0.00000,   0.00000,   0.00000,6778.92566,12662.30298,   0.00000,   0.00000,   0.00000,   0.00000, -28.50000, -18.20795,   0.00000,   0.00000,   0.00000,   0.00000,  -0.90909,  -2.73863,   0.00000,   0.00000,   0.00000,   0.00000,   4.72727,   3.07765,   0.00000,   0.00000,   0.00000,   0.00000,  28.01515,  57.71364,   0.00000,   0.00000,   0.00000,   0.00000,   0.00000
2220.23825,  91.54341,  60.35504, 395.84110,   6.55854,   0.00000,  15.30871,  10.85494,  30.77445,   2.83506,  23.07484,  15.35120,   0.01396,   0.98777,7940.19921,   0.00000,   0.00000,  -0.02042,  -0.01316,   0.00000,   0.00000,   0.00000,   0.00000,  -1.38034,  -2.71957,       NaN,       NaN,       NaN,       NaN,  21.89156,  26.61201,       NaN,       NaN,       NaN,       NaN,-542.12122,-777.14394,   0.00000,   0.00000,   0.00000,   0.00000, 433.57576, 455.34090,   0.00000,   0.00000,   0.00000,   0.00000,2323.95291,3770.91870,   0.00000,   0.00000,   0.00000,   0.00000,   2.74169,   2.69917,       NaN,       NaN,       NaN,       NaN,  12.16854,  11.25649,       NaN,       NaN,       NaN,       NaN,   0.06634,   0.00207,   0.00000,   0.00000,   0.00000,   0.00000,24218.37252,38020.77731,   0.00000,   0.00000,   0.00000,   0.00000, -37.54545, -40.48182,   0.00000,   0.00000,   0.00000,   0.00000,  -4.72348,  -8.79545,   0.00000,   0.00000,   0.00000,   0.00000,   9.15909,   7.36932,   0.00000,   0.00000,   0.00000,   0.00000,  59.31818,  96.55682,   0.00000,   0.00000,   0.00000,   0.00000,   0.00000
2221.20489,  94.17746,  64.30188, 370.09595,   5.83755,   0.00000,  15.47905,  10.97515,  30.76806,   2.80406,  23.09926,  15.52120,   0.01396,   0.98777,9131.64065,   0.00000,   0.00000,   0.04458,  -0.31320,   0.00000,   0.00000,   0.00000,   0.00000,  -1.36422,  -2.64689,       NaN,       NaN,       NaN,       NaN,  19.84561,  25.01833,       NaN,       NaN,       NaN,       NaN,-553.48485,-764.66667,   0.00000,   0.00000,   0.00000,   0.00000, 417.19697, 429.37880,   0.00000,   0.00000,   0.00000,   0.00000,2489.21992,3939.82346,   0.00000,   0.00000,   0.00000,   0.00000,   4.61740,   4.03180,       NaN,       NaN,       NaN,       NaN,  32.05636,  23.28919,       NaN,       NaN,       NaN,       NaN,   0.31635,   2.46090,   0.00000,   0.00000,   0.00000,   0.00000,48222.30151,61792.71154,   0.00000,   0.00000,   0.00000,   0.00000, -40.10227, -44.73713,   0.00000,   0.00000,   0.00000,   0.00000,  -7.84470, -11.19129,   0.00000,   0.00000,   0.00000,   0.00000,  10.47727,  10.46592,   0.00000,   0.00000,   0.00000,   0.00000,  59.21591,  97.70986,   0.00000,   0.00000,   0.00000,   0.00000,   0.00000
2220.73625,  78.36652,  93.79171, 599.92825,   6.39639,   0.63694,  18.94157,  13.43657,  37.23099,   2.77087,  27.98828,  19.00218,   0.00000,   0.00000,12366.13580,   0.00000,   0.00000,   0.00625,  -0.01021,   0.00000,   0.00000,   0.00000,   0.00000,  -1.46033,  -2.93007,       NaN,       NaN,       NaN,       NaN,  23.97197,  28.85010,       NaN,       NaN,       NaN,       NaN,-524.02273,-656.72727,   0.00000,   0.00000,   0.00000,   0.00000, 371.36364, 398.83334,   0.00000,   0.00000,   0.00000,   0.00000,2056.47173,2486.39306,   0.00000,   0.00000,   0.00000,   0.00000,   2.93546,   3.50401,       NaN,       NaN,       NaN,       NaN,  14.07735,  20.31875,       NaN,       NaN,       NaN,       NaN,   0.00622,   0.00676,   0.00000,   0.00000,   0.00000,   0.00000,23405.29707,37325.90716,   0.00000,   0.00000,   0.00000,   0.00000, -23.28788, -15.73712,   0.00000,   0.00000,   0.00000,   0.00000,  -4.43182,  -5.40910,   0.00000,   0.00000,   0.00000,   0.00000,   8.18561,   6.75001,   0.00000,   0.00000,   0.00000,   0.00000,  20.37500,  75.04546,   0.00000,   0.00000,   0.00000,   0.00000,   0.00000
2222.65575,  78.51860,  94.07133, 661.71440,   7.03069,   0.85467,  18.93249,  13.42994,  38.27437,   2.85000,  28.68375,  18.99280,   0.00000,   0.00000,12860.77047,   0.00000,   0.00000,  -0.03608,  -0.36185,   0.00000,   0.00000,   0.00000,   0.00000,  -1.41272,  -3.23959,       NaN,       NaN,       NaN,       NaN,  21.39304,  29.05535,       NaN,       NaN,       NaN,       NaN,-528.12122,-647.39395,   0.00000,   0.00000,   0.00000,   0.00000, 390.63636, 363.28789,   0.00000,   0.00000,   0.00000,   0.00000,2178.43183,2608.99561,   0.00000,   0.00000,   0.00000,   0.00000,   2.21861,   2.85629,       NaN,       NaN,       NaN,       NaN,   8.37796,  13.82780,       NaN,       NaN,       NaN,       NaN,   0.20722,   1.29888,   0.00000,   0.00000,   0.00000,   0.00000,20177.78180,31910.02232,   0.00000,   0.00000,   0.00000,   0.00000, -23.39394, -21.97766,   0.00000,   0.00000,   0.00000,   0.00000,  -5.36364,  -6.96023,   0.00000,   0.00000,   0.00000,   0.00000,   8.69318,   8.14014,   0.00000,   0.00000,   0.00000,   0.00000,  24.64394,  59.58219,   0.00000,   0.00000,   0.00000,   0.00000,   0.00000
2216.46483, 101.13984,  26.22916, 226.61982,   8.64000,   0.00000,   7.45255,   5.28322,  21.28131,   4.02810,  15.50494,   7.47160,   0.00535,   0.09289,11160.31271,   0.00002,   0.08089,  -0.04642,  -0.00483,   0.00000,   0.00000,   0.00099,  -0.00000,  -0.23066,  -2.91206,   1.92904,  -0.28308,   1.44941,   2.78154,  16.99490,  23.39029, 129.69773,  62.32249, 122.67765,  90.74734,-440.18182,-652.28030,  -0.01094,  -0.01392,  -0.96347,  -0.98454, 413.51515, 311.54545,   0.01392,   0.01392,   0.98454,   1.87477,2253.79567,3106.24963,   0.00000,   0.00000,   0.00216,   0.00505,   3.43574,   3.20979,   1.49062,   1.77688,   1.69901,   2.01961,  16.84280,  15.13289,   6.15995,   7.13316,   6.35580,   7.51141,   0.18705,   0.00230,   0.00000,   0.00000,   0.00000,   0.00000,30149.83927,37857.45033,   0.00000,   0.00000,   0.01388,   0.04280, -59.86363, -38.60833,  -0.00064,  -0.00111,   0.00000,  -0.00022,  -6.94318,  -8.17423,   0.00000,   0.00000,   0.00000,   0.00000,  12.77273,   9.83712,   0.00000,   0.00000,   0.00000,   0.00000,  33.74243, 146.25379,   0.00071,   0.00128,   0.00000,   0.00000,   0.00000
2216.06570,  98.43022,  26.22916, 226.61982,   8.64000,   0.00000,   7.45255,   5.28322,  21.28131,   4.02810,  15.50494,   7.47160,   0.00287,   0.05833,10682.18827,   0.00002,   0.05002,   0.10558,  -0.00357,  -0.00001,   0.00000,  -0.00099,   0.00000,  -0.21956,  -2.79447,  -1.28062,  -1.45137,  -1.89524,  -1.59761,  18.27986,  23.09888,  43.28185,  33.13742, 156.02531,  79.45697,-445.84849,-656.03030,  -0.01089,  -0.01750,  -0.91967,  -0.97628, 419.67424, 349.05304,   0.00875,   0.01089,   0.91967,   0.91967,2112.67578,2930.87636,   0.00000,   0.00000,   0.00110,   0.00249,   1.99947,   2.18050,   1.71451,   2.47577,   1.57303,   1.52840,   6.29272,   7.56999,   6.43829,   9.98567,   6.83771,   5.43956,   0.18862,   0.00203,   0.00000,   0.00000,   0.00000,   0.00000,15744.95224,24185.22644,   0.00000,   0.00001,   0.00603,   0.01518, -59.45455, -41.52766,  -0.00037,  -0.00077,   0.00000,   0.00000,  -7.95455, -11.79166,   0.00000,   0.00000,   0.00000,   0.00000,  14.07955,  12.40909,   0.00000,   0.00000,   0.00000,   0.00000,  34.94319, 130.74016,   0.00041,   0.00092,   0.00000,   0.00000,   0.00000
2221.62453,  84.59427, 294.74495, 927.42959,   3.14589,   3.93075,  23.68304,  16.79451,  51.76416,   3.08257,  38.48108,  23.75103,   0.01331,   0.94906,17639.16666,   0.00000,   0.00574,  -0.01492,  -0.00042,  -0.00000,   0.00000,   0.00001,   0.00000,  -1.95949,  -1.71049,  -0.97570,   0.25742,   0.58359,   0.39473,  20.85847,  20.87067,  22.51375,  14.60081,  30.94219,  18.44078,-618.25758,-610.39394,  -0.00288,  -0.00288,  -0.40828,  -0.41444, 415.88636, 529.06061,   0.00156,   0.00348,   0.41444,   0.61543,3053.29196,3240.98392,   0.00000,   0.00000,   0.00097,   0.00209,   3.48526,   3.09539,   2.59664,   3.11607,   2.28284,   2.17472,  17.51726,  13.79994,  11.61746,  15.96757,  10.41907,   9.02964,   0.03541,   0.00003,   0.00000,   0.00000,   0.00000,   0.00000,42490.45453,41216.61329,   0.00000,   0.00000,   0.00860,   0.01853, -28.65530, -36.49432,  -0.00020,  -0.00090,  -0.01410,  -0.05447,  -5.45076,  -8.61174,   0.00000,   0.00000,  -0.00059,  -0.00487,  11.28788,   6.84091,   0.00000,   0.00000,   0.00050,   0.00467,  55.95455, 101.18409,   0.00020,   0.00094,   0.01327,   0.04321,   0.00000
2223.08152,  91.81292, 296.59833, 934.70796,   3.15143,   4.04624,  23.83969,  16.90614,  52.06678,   3.07976,  38.70896,  23.90889,   0.01247,   0.91653,18408.47310,   0.00000,   0.05601,  -0.03008,   0.06820,  -0.00000,   0.00000,   0.00001,   0.00000,  -1.92101,  -1.38301,  -1.07053,  -2.66355,  -2.46527,   0.26598,  18.58723,  18.60435,  80.22133,  75.98902, 217.81475, 105.54347,-586.45455,-616.33334,  -0.00630,  -0.01171,  -0.98661,  -0.99801, 395.00000, 497.90909,   0.00553,   0.00630,   0.98582,   0.98661,3232.86298,3464.96990,   0.00000,   0.00000,   0.00121,   0.00249,   4.55174,   4.51163,   1.80161,   1.75476,   1.51396,   2.47626,  36.36414,  31.85596,   7.05958,   5.95231,   5.11456,   9.43446,   0.14404,   0.00423,   0.00000,   0.00000,   0.00000,   0.00000,72564.98745,71626.10127,   0.00000,   0.00000,   0.00624,   0.02121, -35.28409, -36.17197,  -0.00042,  -0.00081,  -0.00567,  -0.00888,  -4.93561,  -6.35985,   0.00000,   0.00000,  -0.00011,  -0.00252,  11.71591,   5.76516,   0.00000,   0.00000,   0.00000,   0.00253,  61.95454, 148.98902,   0.00040,   0.00098,   0.00600,   0.00863,   0.00000
2221.46128,  75.12368, 454.81625,2596.30806,   5.70848,  16.31206,  40.50416,  28.73340,  74.09569,   2.57873,  56.19510,  40.63516,   0.00857,   0.10882,11675.55890,   0.00000,   0.08424,  -0.08725,   0.00243,   0.00001,   0.00000,   0.00093,   0.00003,  -2.39431,  -0.20193,   0.97628,   0.08008,   0.14959,   0.05466,  22.12453,  20.64982,  31.90004,  14.82376,  25.95519,  22.59599,-491.36364,-437.02273,  -0.00649,  -0.00772,  -0.94899,  -1.78986, 311.81818, 443.61365,   0.00772,   0.00772,   0.94176,   1.86272,1562.19391,1697.46347,   0.00000,   0.00000,   0.00953,   0.02319,   3.08538,   3.36534,   2.76305,   2.01375,   2.15433,   2.16791,  15.00058,  18.48163,  17.27781,   7.62763,   8.63604,   8.35744,   0.26008,   0.00025,   0.00000,   0.00000,   0.00000,   0.00000,19928.25879,23731.10201,   0.00000,   0.00000,   0.07291,   0.19846, -55.37500, -40.87462,  -0.00117,  -0.00145,   0.00000,  -0.05472,  -1.19697,  -4.34659,   0.00000,  -0.00044,   0.00000,   0.00000,  10.92803,   5.27084,   0.00000,   0.00040,   0.00000,   0.00000,  55.46591,  54.33371,   0.00108,   0.00145,   0.00000,   0.05091,   0.00000
2221.45312,  72.76131, 454.81625,2596.30806,   5.70848,  16.31206,  40.50416,  28.73340,  74.09569,   2.57873,  56.19510,  40.63516,   0.00667,   0.17378,10842.41773,   0.00001,   0.09532,   0.00075,   0.00011,  -0.00001,  -0.00000,  -0.00093,  -0.00001,  -2.22438,  -0.81840,  -3.16940,  -0.10580,  -0.00702,   0.16803,  25.87682,  24.80609,  77.60488,  38.40308,  11.93296,   8.47993,-451.36364,-425.36363,  -0.01536,  -0.01536,  -0.98458,  -1.96916, 328.90909, 454.01515,   0.00696,   0.01536,   0.98644,   1.89016,1430.77249,1523.86280,   0.00000,   0.00000,   0.01579,   0.03449,   3.08089,   3.22314,   1.96189,   1.77548,   2.12415,   1.97946,  14.41705,  16.84448,   8.34170,   6.65802,   8.79629,   7.13145,   0.00009,   0.00000,   0.00000,   0.00000,   0.00001,   0.00000,16528.09980,23126.57346,   0.00000,   0.00000,   0.12224,   0.25705, -48.55682, -21.52538,  -0.00071,  -0.00132,  -0.36435,  -0.68372,  -0.07575,  -1.59659,   0.00000,  -0.00024,   0.00000,   0.00000,   9.59848,   2.14962,   0.00000,   0.00021,   0.00000,   0.00000,  24.22727,  22.63030,   0.00066,   0.00136,   0.33855,   0.59320,   0.00000
2215.87973,  61.75673,1795.35004,2278.69497,   1.26928,  57.90471,  73.17632,  51.96183,  74.99977,   1.44342,  64.51757,  73.48512,   0.00015,   0.00000,14352.41327,   0.00000,   0.00000,   0.01242,   0.00254,   0.00000,   0.00000,   0.00000,   0.00000,  -2.07864,  -3.07986,   0.26638,   0.00000,       NaN,       NaN,  25.23763,  33.22332, 230.97198, 115.36412,       NaN,       NaN,-507.59091,-556.50000,  -0.01128,  -0.01128,   0.00000,   0.00000, 341.77273, 359.86364,   0.01128,   0.01128,   0.00000,   0.00000,1706.55834,1546.89565,   0.00000,   0.00000,   0.00000,   0.00000,   3.62788,   2.41547,   1.40161,   1.46705,       NaN,       NaN,  22.86068,   9.20086,   4.32193,   4.51324,       NaN,       NaN,   0.02454,   0.00103,   0.00000,   0.00000,   0.00000,   0.00000,32078.64836,15688.98226,   0.00000,   0.00000,   0.00000,   0.00000, -43.79923, -22.41061,   0.00000,   0.00000,   0.00000,   0.00000,  -3.71213,  -6.77273,   0.00000,   0.00000,   0.00000,   0.00000,  10.64773,   7.69507,   0.00000,   0.00000,   0.00000,   0.00000,  23.81439,  51.02955,   0.00000,   0.00000,   0.00000,   0.00000,   0.00000
2217.97216,  62.06116,1761.51438,2239.40146,   1.27129,  55.83333,  72.64104,  51.58026,  74.72232,   1.44866,  64.20260,  72.94550,   0.00042,   0.00000,15304.57029,   0.00000,   0.00000,  -0.14167,   0.02140,  -0.00000,   0.00000,   0.00000,   0.00000,  -2.02600,  -2.84551,   0.63276,   0.04166,       NaN,       NaN,  24.64907,  24.97505, 114.71667,  58.73129,       NaN,       NaN,-521.94697,-494.99243,  -0.01249,  -0.01249,   0.00000,   0.00000, 331.94697, 292.81818,   0.01249,   0.01249,   0.00000,   0.00000,1833.92145,1651.27165,   0.00000,   0.00000,   0.00000,   0.00000,   3.41496,   4.05190,   1.49785,   2.00954,       NaN,       NaN,  18.02361,  23.81316,   5.04026,   7.09442,       NaN,       NaN,   0.19687,   0.07282,   0.00000,   0.00000,   0.00000,   0.00000,28895.06342,26983.97468,   0.00000,   0.00000,   0.00000,   0.00000, -44.72727, -23.72500,   0.00000,   0.00000,   0.00000,   0.00000,  -3.89016,  -6.71780,   0.00000,   0.00000,   0.00000,   0.00000,  10.45454,   8.15720,   0.00000,   0.00000,   0.00000,   0.00000,  24.47348,  56.20909,   0.00000,   0.00000,   0.00000,   0.00000,   0.00000
2220.56895,  69.59231, 195.25110, 856.38832,   4.38609,  10.48387,  29.81862,  21.16530,  49.48945,   2.33824,  38.06032,  29.93225,   0.00502,   0.40926,10614.20641,   0.00003,   0.22605,  -0.51683,   0.41259,  -0.00001,   0.00000,  -0.00099,   0.00000,  -2.84905,  -2.31270,  -9.56516,   0.23943,  -0.22446,   0.48401,  24.64026,  29.30253, 238.98446, 104.97071,  36.00665,  27.29479,-457.64394,-473.60607,  -0.01309,  -0.01309,  -0.98932,  -1.97282, 281.64394, 334.46970,   0.00457,   0.01309,   0.98858,   1.97790,1453.95844,1417.24065,   0.00000,   0.00000,   0.00782,   0.01758,   2.41238,   2.56740,   1.80501,   2.45392,   1.90259,   2.05122,   9.07297,  11.44060,   7.20658,  11.14879,   7.80094,   7.95774,   0.04682,   0.31315,   0.00000,   0.00000,   0.00001,   0.00000,12834.49923,13942.31015,   0.00000,   0.00000,   0.05368,   0.14908, -55.39015, -21.82841,  -0.00023,  -0.00058,  -0.00371,  -0.02549,  -0.42424,  -2.52083,   0.00000,   0.00000,   0.00000,   0.00000,   9.36364,   2.50948,   0.00000,   0.00000,   0.00000,   0.00000,  51.81061,  62.63599,   0.00020,   0.00055,   0.00493,   0.02152,   0.00000
2221.51934,  64.53723, 168.22592, 657.45909,   3.89426,   7.84261,  28.15472,  19.98930,  42.54178,   2.12603,  33.24108,  28.26914,   0.00224,   0.07711,10131.16747,   0.00002,   0.06298,  -0.09925,   0.00246,   0.00000,   0.00000,   0.00000,   0.00000,  -2.73921,  -2.70200,   0.39553,  -0.04810,  -0.45278,  -0.05487,  25.89200,  29.86436,  80.57737,  40.57060,  78.41573,  38.78977,-459.01515,-482.90909,  -0.01344,  -0.01344,  -0.98066,  -0.99075, 284.12878, 343.49242,   0.01247,   0.01344,   0.99075,   0.99075,1358.52496,1381.15416,   0.00000,   0.00000,   0.00324,   0.00658,   4.41355,   2.61113,   1.84653,   2.31227,   1.49903,   2.02744,  28.37146,  10.49562,   7.89204,   9.68797,   5.03355,   7.10078,   0.01463,   0.00097,   0.00000,   0.00000,   0.00000,   0.00000,24523.49199,12729.72329,   0.00000,   0.00001,   0.01594,   0.04816, -55.54545, -21.54129,   0.00000,  -0.00059,   0.00000,   0.00000,  -0.39015,  -2.36174,   0.00000,   0.00000,   0.00000,   0.00000,   8.80303,   2.48486,   0.00000,   0.00000,   0.00000,   0.00000,  48.89393,  57.42880,   0.00001,   0.00064,   0.00000,   0.00121,   0.00000
2217.10901,  75.56067, 606.00087,2103.65424,   3.47149,  17.69962,  38.14306,  27.05773,  71.43810,   2.64116,  54.01731,  38.26542,   0.00116,   0.08002,5534.07654,   0.00001,   0.07134,   0.05117,   0.00740,   0.00001,   0.00000,   0.00000,  -0.00099,  -2.82340,  -2.08154,  -0.22763,   0.10324,  -1.79678,  -0.98209,  26.40855,  26.07268, 177.83049,  88.13282, 170.20980,  92.84728,-421.93182,-486.70455,  -0.01486,  -0.01486,  -0.98890,  -0.98890, 237.45455, 323.90151,   0.01089,   0.01486,   0.98066,   0.98546,1061.76108,1352.38400,   0.00000,   0.00000,   0.00170,   0.00308,   2.74325,   3.04698,   1.70631,   2.71445,   1.31088,   2.12430,  11.00945,  13.70430,   6.33244,  12.02663,   4.51016,   8.59504,   0.34981,   0.00184,   0.00000,   0.00000,   0.00000,   0.00001,12081.68020,16283.69203,   0.00000,   0.00000,   0.00823,   0.02371, -36.09091, -25.19394,   0.00000,   0.00000,   0.00000,   0.00000,  -2.71970,  -5.35796,   0.00000,   0.00000,   0.00000,   0.00000,   7.53788,   5.25190,   0.00000,   0.00000,   0.00000,   0.00000,  54.78409,  43.35379,   0.00000,   0.00000,   0.00000,   0.00000,   0.00000
2216.84366,  71.99150, 607.79679,2086.79171,   3.43337,  15.54054,  37.40107,  26.52756,  71.35151,   2.68971,  53.82727,  37.51563,   0.01026,   0.85748,5543.54355,   0.00001,   0.10554,  -0.15217,   0.03679,  -0.00001,   0.00000,  -0.00000,   0.00000,  -2.78399,  -2.22635,  -1.05590,   0.02034,  -0.57107,   0.82946,  27.66281,  27.48747,  65.67755,  36.27192,  60.68133,  35.82090,-409.63636,-452.59849,  -0.00682,  -0.00682,  -0.98858,  -1.10241, 238.68182, 323.16668,   0.00679,   0.00739,   0.98858,   1.62516,1013.01814,1272.48236,   0.00000,   0.00000,   0.00453,   0.00987,   2.83410,   3.25060,   1.75015,   2.40767,   1.89639,   2.19120,  12.62157,  17.06305,   7.03542,  11.41706,   6.81407,   8.39916,   0.28467,   0.15016,   0.00000,   0.00000,   0.00000,   0.00000,10196.88865,16327.20271,   0.00000,   0.00000,   0.02627,   0.07592, -36.68181, -23.41705,  -0.00068,  -0.00092,  -0.00339,  -0.00735,  -3.13636,  -6.43181,   0.00000,  -0.00012,  -0.00008,  -0.00112,   7.87121,   6.05492,   0.00000,   0.00012,   0.00000,   0.00115,  41.90530,  38.20342,   0.00066,   0.00103,   0.00404,   0.00700,   0.00000
